[{"owner":"Me","name":"gbplf","done":false,"id":"1671552942745"},{"owner":"Me","name":"[eq","done":false,"id":"1671552959860"},{"owner":"Me","name":"gbplf","done":false,"id":"1671552966235"},{"owner":"Me","name":"l;buehlf","done":false,"id":"1671552972649"},{"owner":"Me","name":"cvbnm,.","done":false,"id":"1671605351295"},{"owner":"Me","name":"[eq","done":false,"id":"1671605367116"},{"owner":"Me","name":"zxcvbnm,","done":false,"id":"1671605418961"},{"owner":"Me","name":"sdfghjk","done":false,"id":"1671605468772"},{"owner":"Me","name":"xdfghjkl","done":false,"id":"1671605476780"},{"owner":"Me","name":"edrftgyhjkl","done":false,"id":"1671605526277"},{"owner":"Me","name":"dfghjkl","done":false,"id":"1671605534002"},{"owner":"Me","name":"edrftgyhujiop","done":false,"id":"1671605626340"},{"owner":"Me","name":"l;buehlf","done":false,"id":"1671605634800"},{"owner":"Me","name":"sxdcfvgbnhjmk,.l","done":false,"id":"1671607449584"},{"owner":"Me","name":"деревообработка","done":false,"id":"1671607495789"},{"owner":"Me","name":"отдохнуть","done":false,"id":"1671607695283"},{"owner":"Me","name":"jnlj[yenm","done":false,"id":"1671607773133"},{"owner":"Me","name":"jnlj[yenm","done":false,"id":"1671607865101"},{"owner":"Me","name":"jnlj[yenm","done":false,"id":"1671607901809"},{"owner":"Me","name":"[eq","done":false,"id":"1671608222899"},{"owner":"Me","name":"sdfghjkl;'","done":false,"id":"1671608244146"},{"owner":"Me","name":"отдохнуть","done":false,"id":"1671608540418"}]